{
  "info": {
    "_postman_id": "6c648351-3ffe-4113-9523-fef873190702",
    "name": "Mechanic Shop",
    "schema": "https://schema.getpostman.com/json/collection/v2.1.0/collection.json",
    "_exporter_id": "51640488",
    "_collection_link": "https://go.postman.co/collection/51640488-6c648351-3ffe-4113-9523-fef873190702?source=collection_link"
  },
  "item": [
    {
      "name": "Heatlh check",
      "protocolProfileBehavior": {
        "disableBodyPruning": true
      },
      "request": {
        "method": "GET",
        "header": [],
        "body": {
          "mode": "raw",
          "raw": "{\"status\":\"Mechanic Shop API running\"}\r\n",
          "options": {
            "raw": {
              "language": "json"
            }
          }
        },
        "url": {
          "raw": "http://127.0.0.1:5000/",
          "protocol": "http",
          "host": [
            "127",
            "0",
            "0",
            "1"
          ],
          "port": "5000",
          "path": [
            ""
          ]
        }
      },
      "response": []
    },
    {
      "name": "Create Customer",
      "request": {
        "method": "POST",
        "header": [],
        "body": {
          "mode": "raw",
          "raw": "{\r\n  \"name\": \"Customer nine\",\r\n  \"email\": \"customer9@example.com\",\r\n  \"phone_number\": \"555-888-0000\",\r\n  \"password\": \"password123\"\r\n}",
          "options": {
            "raw": {
              "language": "json"
            }
          }
        },
        "url": {
          "raw": "http://127.0.0.1:5000/customers/",
          "protocol": "http",
          "host": [
            "127",
            "0",
            "0",
            "1"
          ],
          "port": "5000",
          "path": [
            "customers",
            ""
          ]
        }
      },
      "response": []
    },
    {
      "name": "Customer Login",
      "request": {
        "method": "POST",
        "header": [],
        "body": {
          "mode": "raw",
          "raw": "{\r\n  \"email\": \"customer9@example.com\",\r\n  \"password\": \"password123\"\r\n}\r\n",
          "options": {
            "raw": {
              "language": "json"
            }
          }
        },
        "url": {
          "raw": "http://127.0.0.1:5000/customers/login",
          "protocol": "http",
          "host": [
            "127",
            "0",
            "0",
            "1"
          ],
          "port": "5000",
          "path": [
            "customers",
            "login"
          ]
        }
      },
      "response": []
    },
    {
      "name": "Create Mechanic",
      "request": {
        "method": "POST",
        "header": [],
        "body": {
          "mode": "raw",
          "raw": "{\r\n  \"name\": \"Mechanic Eight\",\r\n  \"email\": \"mechanic8.2@example.com\",\r\n  \"phone_number\": \"555-888-1111\",\r\n  \"salary\": 72000\r\n}\r\n",
          "options": {
            "raw": {
              "language": "json"
            }
          }
        },
        "url": {
          "raw": "http://127.0.0.1:5000/mechanics/",
          "protocol": "http",
          "host": [
            "127",
            "0",
            "0",
            "1"
          ],
          "port": "5000",
          "path": [
            "mechanics",
            ""
          ]
        }
      },
      "response": []
    },
    {
      "name": "Create Service Ticket",
      "request": {
        "method": "POST",
        "header": [],
        "body": {
          "mode": "raw",
          "raw": "{\r\n  \"vin\": \"5FNYF4H92GB123456\",\r\n  \"service_date\": \"2026-02-07\",\r\n  \"description\": \"Brake inspection and oil change\",\r\n  \"customer_id\": 9\r\n}\r\n",
          "options": {
            "raw": {
              "language": "json"
            }
          }
        },
        "url": {
          "raw": "http://127.0.0.1:5000/service-tickets/",
          "protocol": "http",
          "host": [
            "127",
            "0",
            "0",
            "1"
          ],
          "port": "5000",
          "path": [
            "service-tickets",
            ""
          ]
        }
      },
      "response": []
    },
    {
      "name": "Assign Mechanic",
      "request": {
        "method": "PUT",
        "header": [],
        "url": {
          "raw": "http://127.0.0.1:5000/service-tickets/6/assign-mechanic/8",
          "protocol": "http",
          "host": [
            "127",
            "0",
            "0",
            "1"
          ],
          "port": "5000",
          "path": [
            "service-tickets",
            "6",
            "assign-mechanic",
            "8"
          ]
        }
      },
      "response": []
    },
    {
      "name": "Bulk Edit Mechanics",
      "request": {
        "method": "PUT",
        "header": [],
        "body": {
          "mode": "raw",
          "raw": "{\r\n  \"add_ids\": [8],\r\n  \"remove_ids\": []\r\n}\r\n",
          "options": {
            "raw": {
              "language": "json"
            }
          }
        },
        "url": {
          "raw": "http://127.0.0.1:5000/service-tickets/6/edit",
          "protocol": "http",
          "host": [
            "127",
            "0",
            "0",
            "1"
          ],
          "port": "5000",
          "path": [
            "service-tickets",
            "6",
            "edit"
          ]
        }
      },
      "response": []
    },
    {
      "name": "Remove Mechanic",
      "request": {
        "method": "PUT",
        "header": [],
        "body": {
          "mode": "raw",
          "raw": "{\r\n  \"add_ids\": [],\r\n  \"remove_ids\": [8]\r\n}",
          "options": {
            "raw": {
              "language": "json"
            }
          }
        },
        "url": {
          "raw": "http://127.0.0.1:5000/service-tickets/6/edit",
          "protocol": "http",
          "host": [
            "127",
            "0",
            "0",
            "1"
          ],
          "port": "5000",
          "path": [
            "service-tickets",
            "6",
            "edit"
          ]
        }
      },
      "response": []
    },
    {
      "name": "Add Mechanic Again",
      "request": {
        "method": "PUT",
        "header": [],
        "body": {
          "mode": "raw",
          "raw": "{\r\n  \"add_ids\": [8],\r\n  \"remove_ids\": []\r\n}",
          "options": {
            "raw": {
              "language": "json"
            }
          }
        },
        "url": {
          "raw": "http://127.0.0.1:5000/service-tickets/6/edit",
          "protocol": "http",
          "host": [
            "127",
            "0",
            "0",
            "1"
          ],
          "port": "5000",
          "path": [
            "service-tickets",
            "6",
            "edit"
          ]
        }
      },
      "response": []
    },
    {
      "name": "Mechanics Leaderboard",
      "request": {
        "method": "GET",
        "header": [],
        "url": {
          "raw": "http://127.0.0.1:5000/mechanics/leaderboard/most-tickets",
          "protocol": "http",
          "host": [
            "127",
            "0",
            "0",
            "1"
          ],
          "port": "5000",
          "path": [
            "mechanics",
            "leaderboard",
            "most-tickets"
          ]
        }
      },
      "response": []
    },
    {
      "name": "Create Inventory",
      "request": {
        "method": "POST",
        "header": [],
        "body": {
          "mode": "raw",
          "raw": "{\r\n  \"name\": \"Oil Filter\",\r\n  \"price\": 12.99\r\n}\r\n",
          "options": {
            "raw": {
              "language": "json"
            }
          }
        },
        "url": {
          "raw": "http://127.0.0.1:5000/inventory/",
          "protocol": "http",
          "host": [
            "127",
            "0",
            "0",
            "1"
          ],
          "port": "5000",
          "path": [
            "inventory",
            ""
          ]
        }
      },
      "response": []
    },
    {
      "name": "Create Inventory 2",
      "request": {
        "method": "POST",
        "header": [],
        "body": {
          "mode": "raw",
          "raw": "{\r\n  \"name\": \"Brake Pads\",\r\n  \"price\": 79.99\r\n}",
          "options": {
            "raw": {
              "language": "json"
            }
          }
        },
        "url": {
          "raw": "http://127.0.0.1:5000/inventory/",
          "protocol": "http",
          "host": [
            "127",
            "0",
            "0",
            "1"
          ],
          "port": "5000",
          "path": [
            "inventory",
            ""
          ]
        }
      },
      "response": []
    },
    {
      "name": "Add Inventory",
      "request": {
        "method": "PUT",
        "header": [],
        "body": {
          "mode": "raw",
          "raw": "{\r\n  \"name\": \"Customer Eight\",\r\n  \"email\": \"customer8@example.com\",\r\n  \"phone_number\": \"555-888-0000\",\r\n  \"password\": \"password123\"\r\n}"
        },
        "url": {
          "raw": "http://127.0.0.1:5000/service-tickets/5/add-part/4",
          "protocol": "http",
          "host": [
            "127",
            "0",
            "0",
            "1"
          ],
          "port": "5000",
          "path": [
            "service-tickets",
            "5",
            "add-part",
            "4"
          ]
        }
      },
      "response": []
    },
    {
      "name": "Add Inventory 2",
      "request": {
        "method": "PUT",
        "header": [],
        "url": {
          "raw": "http://127.0.0.1:5000/service-tickets/5/add-part/5",
          "protocol": "http",
          "host": [
            "127",
            "0",
            "0",
            "1"
          ],
          "port": "5000",
          "path": [
            "service-tickets",
            "5",
            "add-part",
            "5"
          ]
        }
      },
      "response": []
    },
    {
      "name": "Get Customer 8 Tickets",
      "protocolProfileBehavior": {
        "disableBodyPruning": true
      },
      "request": {
        "method": "GET",
        "header": [
          {
            "key": "Authorization",
            "value": "Bearer {{customer9_token}}",
            "type": "text"
          }
        ],
        "body": {
          "mode": "raw",
          "raw": "{\r\n  \"name\": \"Customer Eight\",\r\n  \"email\": \"customer8@example.com\",\r\n  \"phone_number\": \"555-888-0000\",\r\n  \"password\": \"password123\"\r\n}"
        },
        "url": {
          "raw": "http://127.0.0.1:5000/customers/my-tickets",
          "protocol": "http",
          "host": [
            "127",
            "0",
            "0",
            "1"
          ],
          "port": "5000",
          "path": [
            "customers",
            "my-tickets"
          ]
        }
      },
      "response": []
    },
    {
      "name": "Update Ticket",
      "request": {
        "method": "PUT",
        "header": [],
        "body": {
          "mode": "raw",
          "raw": "{\r\n  \"add_pickup_date\": \"2026-02-10\"\r\n}",
          "options": {
            "raw": {
              "language": "json"
            }
          }
        },
        "url": {
          "raw": "http://127.0.0.1:5000//service-tickets/6",
          "protocol": "http",
          "host": [
            "127",
            "0",
            "0",
            "1"
          ],
          "port": "5000",
          "path": [
            "",
            "service-tickets",
            "6"
          ]
        }
      },
      "response": []
    },
    {
      "name": "Confirm Ticket Final State",
      "request": {
        "method": "GET",
        "header": [],
        "url": {
          "raw": "http://127.0.0.1:5000/service-tickets/",
          "protocol": "http",
          "host": [
            "127",
            "0",
            "0",
            "1"
          ],
          "port": "5000",
          "path": [
            "service-tickets",
            ""
          ]
        }
      },
      "response": []
    },
    {
      "name": "Get All customers",
      "request": {
        "method": "GET",
        "header": [],
        "url": {
          "raw": "http://127.0.0.1:5000/customers/",
          "protocol": "http",
          "host": [
            "127",
            "0",
            "0",
            "1"
          ],
          "port": "5000",
          "path": [
            "customers",
            ""
          ]
        }
      },
      "response": []
    },
    {
      "name": "Get Customer by ID",
      "request": {
        "method": "GET",
        "header": [],
        "url": {
          "raw": "http://127.0.0.1:5000/customers/9",
          "protocol": "http",
          "host": [
            "127",
            "0",
            "0",
            "1"
          ],
          "port": "5000",
          "path": [
            "customers",
            "9"
          ]
        }
      },
      "response": []
    },
    {
      "name": "Update Customer",
      "request": {
        "method": "PUT",
        "header": [],
        "body": {
          "mode": "raw",
          "raw": "{\r\n  \"name\": \"Kayla Wienczkowski\",\r\n  \"email\": \"emailnumber5@email.com\",\r\n  \"phone_number\": \"555-999-9999\"\r\n}\r\n",
          "options": {
            "raw": {
              "language": "json"
            }
          }
        },
        "url": {
          "raw": "http://127.0.0.1:5000/customers/9",
          "protocol": "http",
          "host": [
            "127",
            "0",
            "0",
            "1"
          ],
          "port": "5000",
          "path": [
            "customers",
            "9"
          ]
        }
      },
      "response": []
    },
    {
      "name": "Get All Mechanics",
      "request": {
        "method": "GET",
        "header": [],
        "url": {
          "raw": "http://127.0.0.1:5000/mechanics/",
          "protocol": "http",
          "host": [
            "127",
            "0",
            "0",
            "1"
          ],
          "port": "5000",
          "path": [
            "mechanics",
            ""
          ]
        }
      },
      "response": []
    },
    {
      "name": "Update Mechanic",
      "request": {
        "method": "PUT",
        "header": [],
        "body": {
          "mode": "raw",
          "raw": "{\r\n    \"name\": \"Billiam Salmon\",\r\n    \"email\": \"williamnotbilliam8@email.com\",\r\n    \"phone_number\": \"555-555-5555\",\r\n    \"salary\": \"71000\"\r\n}",
          "options": {
            "raw": {
              "language": "json"
            }
          }
        },
        "url": {
          "raw": "http://127.0.0.1:5000/mechanics/8",
          "protocol": "http",
          "host": [
            "127",
            "0",
            "0",
            "1"
          ],
          "port": "5000",
          "path": [
            "mechanics",
            "8"
          ]
        }
      },
      "response": []
    },
    {
      "name": "Get All Service Tickets",
      "request": {
        "method": "GET",
        "header": [],
        "url": {
          "raw": "http://127.0.0.1:5000/service-tickets/",
          "protocol": "http",
          "host": [
            "127",
            "0",
            "0",
            "1"
          ],
          "port": "5000",
          "path": [
            "service-tickets",
            ""
          ]
        }
      },
      "response": []
    },
    {
      "name": "Get Mechanic by ID",
      "request": {
        "method": "GET",
        "header": [],
        "url": {
          "raw": "http://127.0.0.1:5000/mechanics/8",
          "protocol": "http",
          "host": [
            "127",
            "0",
            "0",
            "1"
          ],
          "port": "5000",
          "path": [
            "mechanics",
            "8"
          ]
        }
      },
      "response": []
    },
    {
      "name": "Edit Ticket Mechanics",
      "request": {
        "method": "PUT",
        "header": [],
        "body": {
          "mode": "raw",
          "raw": "{\r\n  \"add_ids\": [6],\r\n  \"remove_ids\": []\r\n}",
          "options": {
            "raw": {
              "language": "json"
            }
          }
        },
        "url": {
          "raw": "/service-tickets//edit/",
          "path": [
            "service-tickets",
            "",
            "edit",
            ""
          ]
        }
      },
      "response": []
    },
    {
      "name": "Delete User",
      "request": {
        "method": "DELETE",
        "header": [],
        "url": {
          "raw": "http://127.0.0.1:5000/customers/3",
          "protocol": "http",
          "host": [
            "127",
            "0",
            "0",
            "1"
          ],
          "port": "5000",
          "path": [
            "customers",
            "3"
          ]
        }
      },
      "response": []
    },
    {
      "name": "Delete Mechanic",
      "request": {
        "method": "DELETE",
        "header": [],
        "url": {
          "raw": "http://127.0.0.1:5000/mechanics/4",
          "protocol": "http",
          "host": [
            "127",
            "0",
            "0",
            "1"
          ],
          "port": "5000",
          "path": [
            "mechanics",
            "4"
          ]
        }
      },
      "response": []
    }
  ]
}